﻿[
    {
        "domanda": "Le api producono marmellata",
        "risposta1": "Vero",
        "risposta2": "Falso",
        "corretta": 2
    },
    {
        "domanda": "Le api impollinano i fiori",
        "risposta1": "Vero",
        "risposta2": "Falso",
        "corretta": 1
    },
    {
        "domanda": "L'ape regina si alimenta con ....",
        "risposta1": "Polline",
        "risposta2": "Pappa Reale",
        "corretta": 2
    },
    {
        "domanda": "Cosa depone l'ape operaia nelle celle?",
        "risposta1": "Uova",
        "risposta2": "Miele",
        "corretta": 2
    },
    {
        "domanda": "Dopo quanti giorni la nuova ape esce dalla sua cella?",
        "risposta1": "Dieci",
        "risposta2": "Dodici",
        "corretta": 2
    },
    {
        "domanda": "Le api operaie portano avanti le attività principali della colonia",
        "risposta1": "Vero",
        "risposta2": "Falso",
        "corretta": 1
    },
    {
        "domanda": "Il fuco è maschio o femmina?",
        "risposta1": "Maschio",
        "risposta2": "Femmina",
        "corretta": 1
    },
    {
        "domanda": "L'ape regina non depone le uova",
        "risposta1": "Vero",
        "risposta2": "Falso",
        "corretta": 2
    },
    {
        "domanda": "L'ape esce dalla cella subito dopo che l'uovo si è schiuso",
        "risposta1": "Vero",
        "risposta2": "Falso",
        "corretta": 2
    },
    {
        "domanda": "Con cosa viene nutrita la larva nel secondo periodo di vita?",
        "risposta1": "Misto polline e miele",
        "risposta2":  "Pappa Reale",
        "corretta" : 1
    }
]
